epoch,time,train/box_loss,train/cls_loss,train/dfl_loss,metrics/precision(B),metrics/recall(B),metrics/mAP50(B),metrics/mAP50-95(B),val/box_loss,val/cls_loss,val/dfl_loss,lr/pg0,lr/pg1,lr/pg2
1,40.8108,0.59432,2.30948,0.9995,0.00758,1,0.9762,0.93555,0.2407,2.53756,0.81349,0.00018,0.00018,0.00018
2,86.6581,0.49657,1.37133,0.88609,0.00758,1,0.95666,0.84916,0.38333,2.48786,0.85867,0.000376238,0.000376238,0.000376238
3,129.462,0.49958,0.88813,0.9108,1,0.27249,0.94744,0.84134,0.41778,2.33376,0.8501,0.000568516,0.000568516,0.000568516
4,172.704,0.50069,0.74392,0.90453,0.9882,0.83759,0.98617,0.87925,0.44825,1.95254,0.86863,0.000756834,0.000756834,0.000756834
5,216.341,0.47836,0.72327,0.89346,0.61785,0.43656,0.62653,0.51363,0.48199,2.19754,0.91492,0.000941192,0.000941192,0.000941192
6,259.763,0.50133,0.70958,0.90004,0.95343,0.9,0.97478,0.86013,0.50264,1.69222,0.95489,0.00112159,0.00112159,0.00112159
7,302.07,0.49559,0.63882,0.89692,0.94325,0.81,0.92839,0.76808,0.62702,1.46876,1.00867,0.00129803,0.00129803,0.00129803
8,351.554,0.53909,0.67094,0.91468,0.79857,0.67401,0.71387,0.58574,0.70167,1.79804,1.20153,0.00147051,0.00147051,0.00147051
9,406.962,0.50003,0.68545,0.9142,0.91166,0.92878,0.95633,0.81541,0.57407,1.23943,1.01514,0.00163902,0.00163902,0.00163902
10,451.538,0.5538,0.66271,0.92287,0.98192,0.86,0.95078,0.8147,0.54218,1.2232,1.03786,0.00180358,0.00180358,0.00180358
11,495.045,0.55852,0.65887,0.9294,0.94244,0.98246,0.98455,0.84369,0.50682,0.92807,0.94866,0.001802,0.001802,0.001802
12,538.953,0.51851,0.61077,0.9119,0.9494,0.92,0.97718,0.8497,0.50564,0.85011,0.91138,0.0017822,0.0017822,0.0017822
13,582.54,0.50345,0.60042,0.90858,0.90485,0.96,0.93814,0.80183,0.48769,0.94691,0.95971,0.0017624,0.0017624,0.0017624
14,627.602,0.47502,0.60577,0.91081,0.82026,0.81,0.85628,0.6653,0.67722,1.19289,1.3849,0.0017426,0.0017426,0.0017426
15,700.573,0.49128,0.5886,0.91347,0.88768,0.96,0.95137,0.86298,0.40752,0.80807,0.91593,0.0017228,0.0017228,0.0017228
16,754.746,0.44354,0.5389,0.88816,0.95877,0.98,0.98214,0.89127,0.40601,0.67331,0.90005,0.001703,0.001703,0.001703
17,825.086,0.46802,0.55388,0.90559,0.9424,0.92,0.97461,0.88333,0.41249,0.72868,0.86628,0.0016832,0.0016832,0.0016832
18,906.312,0.44811,0.53403,0.89693,0.98847,1,0.98708,0.904,0.37808,0.59535,0.83899,0.0016634,0.0016634,0.0016634
19,967.723,0.44789,0.52294,0.90063,0.9581,0.94,0.95994,0.89528,0.35124,0.6772,0.84747,0.0016436,0.0016436,0.0016436
20,1010.84,0.42472,0.52166,0.89177,0.96168,0.99,0.99322,0.94143,0.33723,0.57509,0.82716,0.0016238,0.0016238,0.0016238
21,1055.06,0.4086,0.47416,0.88177,0.96543,0.99,0.99412,0.94337,0.3448,0.55324,0.82846,0.001604,0.001604,0.001604
22,1099.68,0.42834,0.46911,0.8761,0.96737,0.98,0.97925,0.93297,0.30996,0.5125,0.81955,0.0015842,0.0015842,0.0015842
23,1144.54,0.4211,0.45751,0.88872,0.98012,0.99,0.98084,0.92535,0.33993,0.50524,0.8288,0.0015644,0.0015644,0.0015644
24,1189.51,0.4251,0.47693,0.89342,0.97976,0.9683,0.99282,0.94415,0.33742,0.53081,0.83309,0.0015446,0.0015446,0.0015446
25,1234.88,0.40102,0.45705,0.87071,0.98645,0.99,0.9948,0.94389,0.35044,0.52709,0.82261,0.0015248,0.0015248,0.0015248
26,1280.45,0.4108,0.42134,0.86796,0.95939,0.99,0.99078,0.93773,0.33207,0.46462,0.8222,0.001505,0.001505,0.001505
27,1325.47,0.40412,0.42873,0.88016,0.98749,0.99,0.99389,0.94891,0.29756,0.41866,0.80413,0.0014852,0.0014852,0.0014852
28,1370.25,0.41371,0.41836,0.87376,1,0.99792,0.995,0.95616,0.31125,0.43212,0.80858,0.0014654,0.0014654,0.0014654
29,1414.92,0.40779,0.41864,0.87765,0.98921,1,0.995,0.94099,0.30885,0.41523,0.80864,0.0014456,0.0014456,0.0014456
30,1460.45,0.38216,0.39688,0.87112,0.99723,1,0.995,0.95665,0.29199,0.39564,0.80698,0.0014258,0.0014258,0.0014258
31,1504.64,0.37626,0.39353,0.87329,0.98819,1,0.9948,0.95891,0.277,0.37482,0.81236,0.001406,0.001406,0.001406
32,1548.9,0.37273,0.39114,0.87726,0.99353,1,0.995,0.95796,0.294,0.36632,0.80976,0.0013862,0.0013862,0.0013862
33,1592.29,0.37582,0.39019,0.86924,0.99327,1,0.995,0.97478,0.26384,0.37154,0.79326,0.0013664,0.0013664,0.0013664
34,1636.55,0.3778,0.37427,0.86561,0.9889,0.98,0.99212,0.95421,0.27185,0.37092,0.79575,0.0013466,0.0013466,0.0013466
35,1680.08,0.37664,0.37168,0.86886,0.9994,0.98,0.98963,0.94726,0.28406,0.37691,0.79947,0.0013268,0.0013268,0.0013268
36,1725.2,0.37775,0.387,0.86843,0.99825,0.97,0.98928,0.95392,0.28907,0.39363,0.80826,0.001307,0.001307,0.001307
37,1768.76,0.36016,0.36422,0.86967,1,0.95832,0.98795,0.95422,0.27404,0.37958,0.80813,0.0012872,0.0012872,0.0012872
38,1811.82,0.37298,0.36865,0.85758,0.99938,0.99,0.99362,0.95638,0.25614,0.32586,0.80799,0.0012674,0.0012674,0.0012674
39,1855.44,0.36184,0.3563,0.87282,0.99997,0.98,0.99138,0.95807,0.27851,0.34609,0.81266,0.0012476,0.0012476,0.0012476
40,1899.13,0.36421,0.36042,0.8679,0.99009,0.99862,0.9949,0.96467,0.27016,0.32705,0.80916,0.0012278,0.0012278,0.0012278
41,1942.45,0.39184,0.37006,0.87566,0.99816,1,0.995,0.97291,0.26728,0.31952,0.80678,0.001208,0.001208,0.001208
42,1986.56,0.36151,0.34271,0.85471,0.98889,1,0.995,0.95884,0.27862,0.32171,0.81126,0.0011882,0.0011882,0.0011882
43,2030.67,0.38396,0.37251,0.88093,0.99002,1,0.9949,0.96798,0.27207,0.31018,0.8086,0.0011684,0.0011684,0.0011684
44,2074.42,0.36605,0.3576,0.87629,0.99935,1,0.995,0.95718,0.29907,0.3114,0.80926,0.0011486,0.0011486,0.0011486
45,2117.97,0.36091,0.34242,0.88272,0.97978,1,0.9938,0.97445,0.24795,0.29175,0.80096,0.0011288,0.0011288,0.0011288
46,2162.36,0.35869,0.34384,0.86666,0.97846,1,0.9944,0.96689,0.27019,0.32492,0.80481,0.001109,0.001109,0.001109
47,2206.71,0.34848,0.33206,0.86355,0.98691,1,0.995,0.98095,0.22973,0.31463,0.79419,0.0010892,0.0010892,0.0010892
48,2250.26,0.36246,0.34018,0.87205,0.9888,1,0.9945,0.96764,0.25623,0.30544,0.80067,0.0010694,0.0010694,0.0010694
49,2293.17,0.3582,0.35019,0.87104,0.98889,1,0.99411,0.97303,0.26315,0.30366,0.8007,0.0010496,0.0010496,0.0010496
50,2336.3,0.36498,0.33053,0.86835,0.9901,0.99975,0.9946,0.97804,0.26067,0.29146,0.79713,0.0010298,0.0010298,0.0010298
51,2379.7,0.34635,0.32563,0.86639,0.98802,0.99,0.99452,0.98135,0.24746,0.28642,0.7924,0.00101,0.00101,0.00101
52,2423.25,0.33141,0.32008,0.85648,0.98564,1,0.99421,0.96303,0.26236,0.28691,0.80066,0.0009902,0.0009902,0.0009902
53,2466.56,0.35525,0.33577,0.86607,0.98295,1,0.99361,0.97458,0.24147,0.27339,0.79403,0.0009704,0.0009704,0.0009704
54,2509.66,0.34974,0.31874,0.86057,0.99378,1,0.995,0.96987,0.24774,0.26819,0.79762,0.0009506,0.0009506,0.0009506
55,2552.89,0.32553,0.31001,0.85807,0.99444,0.99,0.99471,0.97712,0.23304,0.27166,0.79643,0.0009308,0.0009308,0.0009308
56,2595.67,0.33331,0.31483,0.8468,0.99562,0.98,0.993,0.97316,0.2527,0.28789,0.80006,0.000911,0.000911,0.000911
57,2639.14,0.32865,0.30496,0.85723,0.9968,0.99,0.99443,0.9767,0.23982,0.26393,0.79272,0.0008912,0.0008912,0.0008912
58,2683.06,0.34765,0.30138,0.85982,0.99176,1,0.995,0.97493,0.24867,0.25587,0.79295,0.0008714,0.0008714,0.0008714
59,2725.53,0.33791,0.30252,0.86144,0.98161,1,0.9948,0.98537,0.23352,0.26353,0.79053,0.0008516,0.0008516,0.0008516
60,2767.8,0.30833,0.28711,0.84318,0.97918,1,0.99461,0.97422,0.25265,0.27705,0.79736,0.0008318,0.0008318,0.0008318
61,2810.54,0.3351,0.2963,0.87273,0.97944,1,0.9946,0.96545,0.26103,0.28876,0.8017,0.000812,0.000812,0.000812
62,2860.27,0.33252,0.29292,0.85682,0.98865,1,0.995,0.98205,0.22906,0.26471,0.78886,0.0007922,0.0007922,0.0007922
63,2958.64,0.31743,0.29427,0.85338,0.99816,1,0.995,0.98043,0.22421,0.2482,0.78656,0.0007724,0.0007724,0.0007724
64,3051.65,0.31379,0.27673,0.85517,0.99776,1,0.995,0.98397,0.21693,0.24114,0.78604,0.0007526,0.0007526,0.0007526
65,3130.57,0.31434,0.29037,0.85556,0.99831,1,0.995,0.98421,0.2157,0.22556,0.78751,0.0007328,0.0007328,0.0007328
66,3170.84,0.31608,0.28684,0.85268,0.99783,1,0.995,0.98531,0.21152,0.23683,0.78575,0.000713,0.000713,0.000713
67,3214.72,0.31421,0.28974,0.85779,0.99731,1,0.995,0.98887,0.21064,0.23678,0.78342,0.0006932,0.0006932,0.0006932
68,3258.26,0.33241,0.29033,0.85968,0.99752,1,0.995,0.9848,0.21457,0.22721,0.78389,0.0006734,0.0006734,0.0006734
69,3304.46,0.31068,0.28478,0.85228,0.99669,1,0.995,0.99255,0.20461,0.21839,0.78545,0.0006536,0.0006536,0.0006536
70,3350.49,0.30262,0.27547,0.85943,0.9951,1,0.995,0.98555,0.20609,0.22129,0.78774,0.0006338,0.0006338,0.0006338
71,3398.58,0.30713,0.27738,0.85377,0.99162,1,0.995,0.98185,0.21381,0.22098,0.79107,0.000614,0.000614,0.000614
72,3445.77,0.28651,0.26374,0.85299,0.97988,1,0.9948,0.98066,0.21766,0.23007,0.79356,0.0005942,0.0005942,0.0005942
73,3493.18,0.29457,0.26847,0.85554,0.97993,1,0.9946,0.98308,0.22329,0.24054,0.79651,0.0005744,0.0005744,0.0005744
74,3540.14,0.29259,0.26607,0.85688,0.98509,1,0.995,0.98278,0.21362,0.23906,0.79023,0.0005546,0.0005546,0.0005546
75,3585.49,0.31981,0.27321,0.85041,0.98972,1,0.995,0.98524,0.204,0.22386,0.78801,0.0005348,0.0005348,0.0005348
76,3632.26,0.3126,0.27112,0.86884,0.99158,1,0.995,0.99029,0.19804,0.22563,0.78278,0.000515,0.000515,0.000515
77,3678.84,0.28023,0.25504,0.84878,0.98492,1,0.995,0.97816,0.20042,0.21889,0.7842,0.0004952,0.0004952,0.0004952
78,3725.44,0.30328,0.25824,0.85344,0.981,1,0.995,0.98288,0.21441,0.22509,0.79049,0.0004754,0.0004754,0.0004754
79,3771.82,0.27725,0.24787,0.84042,0.98138,1,0.995,0.98016,0.21474,0.22316,0.7913,0.0004556,0.0004556,0.0004556
80,3819.57,0.28769,0.25461,0.84372,0.98181,1,0.995,0.98108,0.20541,0.21852,0.78544,0.0004358,0.0004358,0.0004358
81,3868.86,0.29417,0.25727,0.85217,0.98142,1,0.995,0.98042,0.19682,0.21704,0.78278,0.000416,0.000416,0.000416
82,3916.43,0.28853,0.25093,0.8418,0.98145,1,0.9946,0.98658,0.19072,0.21352,0.78103,0.0003962,0.0003962,0.0003962
83,3963.45,0.27767,0.24408,0.85639,0.98188,1,0.99401,0.98761,0.19119,0.20438,0.78211,0.0003764,0.0003764,0.0003764
84,4010.43,0.27815,0.2519,0.83737,0.98539,1,0.9949,0.98549,0.19997,0.20281,0.78554,0.0003566,0.0003566,0.0003566
85,4056.83,0.29214,0.24811,0.83915,0.98552,1,0.995,0.98917,0.19957,0.19865,0.78526,0.0003368,0.0003368,0.0003368
86,4103.56,0.27405,0.23995,0.84671,0.9849,1,0.995,0.98835,0.19141,0.20027,0.78138,0.000317,0.000317,0.000317
87,4150.06,0.26961,0.23844,0.84193,0.98416,1,0.995,0.99069,0.18736,0.20591,0.78094,0.0002972,0.0002972,0.0002972
88,4196.89,0.28076,0.24834,0.84201,0.98213,1,0.9946,0.98905,0.18965,0.19468,0.78039,0.0002774,0.0002774,0.0002774
89,4244.35,0.2672,0.23877,0.83491,0.97984,1,0.9946,0.98793,0.19349,0.19679,0.78346,0.0002576,0.0002576,0.0002576
90,4291.7,0.26839,0.23422,0.83288,0.97989,1,0.9947,0.98835,0.19601,0.20345,0.78512,0.0002378,0.0002378,0.0002378
91,4338.7,0.21182,0.21776,0.80962,0.97987,1,0.9948,0.99065,0.18718,0.20126,0.78084,0.000218,0.000218,0.000218
92,4384.67,0.21041,0.20594,0.79423,0.98008,1,0.9945,0.98774,0.18303,0.20782,0.77908,0.0001982,0.0001982,0.0001982
93,4429.88,0.19251,0.20189,0.81416,0.98007,1,0.9947,0.98606,0.1821,0.20793,0.77973,0.0001784,0.0001784,0.0001784
94,4475.89,0.20689,0.20776,0.81877,0.98029,1,0.995,0.99118,0.18402,0.2074,0.78071,0.0001586,0.0001586,0.0001586
95,4521.85,0.20736,0.19947,0.80917,0.98461,1,0.995,0.98996,0.18549,0.20106,0.78076,0.0001388,0.0001388,0.0001388
96,4567.37,0.20309,0.19753,0.80643,0.99312,1,0.995,0.99046,0.18272,0.19731,0.77943,0.000119,0.000119,0.000119
97,4613.4,0.19879,0.19139,0.81735,0.99627,1,0.995,0.99281,0.17805,0.1943,0.77798,9.92e-05,9.92e-05,9.92e-05
98,4657.75,0.19742,0.19585,0.80664,0.9971,1,0.995,0.99012,0.1748,0.18976,0.77706,7.94e-05,7.94e-05,7.94e-05
99,4701.88,0.19856,0.20113,0.81863,0.99759,1,0.995,0.9913,0.17396,0.18572,0.77694,5.96e-05,5.96e-05,5.96e-05
100,4745.89,0.19236,0.18671,0.79438,0.99785,1,0.995,0.99135,0.17363,0.18165,0.7772,3.98e-05,3.98e-05,3.98e-05
